Advanced Machines,1364077601000
Applied Energistics,1364514979000
Bibliocraft,1364077594000
Buildcraft,1364077570000
ChickenChunks,1364077586000
Compact Solar Arrays,1364077584000
ComputerCraft,1364077583000
Equivalent Exchange 3,1364077576000
Extra Biomes XL,1364939115000
ExtraBees,1364077575000
Factorization,1364077544000
Forestry,1364077530000
Gravisuite,1364077471000
Greg's Lighting,1364077470000
GregTech,1364077466000
Industrial Craft 2,1364077648000
Iron Chests,1364077416000
Logistics Pipes Unofficial,1364077404000
MiscPeripherals,1364077381000
Modular Forcefields (MFFS),1364081749000
Mystcraft 0.10.x,1364077376000
Nether Ores,1364077369000
Not Enough Items (NEI),1364077368000
Nuclear Control,1364081740000
Petroleum Generator,1364077363000
Portal Gun,1364077184000
Powerconverters,1364077362000
Project Bench,1364077700000
Railcraft,1364077358000
Redpower 2,1364077298000
Soul Shards,1364077265000
Steves Carts 2,1364397804000
Thaumcraft 3,1364077263000
Thermal Expansion 2,1364077241000
TubeStuff,1364077203000
Twilight Forest,1364077195000
Valve Pipes,1364077193000
Wireless Redstone ChickenBones Edition (WRCBE),1364077192000
XYcraft,1364077187000
